{"data_time": 0.0015582294999987312, "eta_seconds": 3617.7681998400003, "fast_rcnn/cls_accuracy": 0.6796875, "fast_rcnn/false_negative": 0.96875, "fast_rcnn/fg_cls_accuracy": 0.0, "iteration": 19, "loss_box_reg": 0.7779440879821777, "loss_cls": 0.9876686930656433, "loss_mask": 0.6921888589859009, "loss_rpn_cls": 0.9471374750137329, "loss_rpn_loc": 0.17041733860969543, "lr": 3.8962e-05, "mask_rcnn/accuracy": 0.5590322066326531, "mask_rcnn/false_negative": 0.9557746947928104, "mask_rcnn/false_positive": 0.011260359338246088, "rank_data_time": 0.0015582294999987312, "roi_head/num_bg_samples": 24.0, "roi_head/num_fg_samples": 8.0, "rpn/num_neg_anchors": 175.0, "rpn/num_pos_anchors": 81.0, "time": 7.537017083, "total_loss": 3.4007936120033264}
{"data_time": 0.0015867085000138559, "eta_seconds": 3672.9824506800055, "fast_rcnn/cls_accuracy": 0.75, "fast_rcnn/false_negative": 1.0, "fast_rcnn/fg_cls_accuracy": 0.0, "iteration": 39, "loss_box_reg": 0.7288641035556793, "loss_cls": 0.7992059588432312, "loss_mask": 0.6791045367717743, "loss_rpn_cls": 0.1968780755996704, "loss_rpn_loc": 0.1528189405798912, "lr": 7.8922e-05, "mask_rcnn/accuracy": 0.7889429209183674, "mask_rcnn/false_negative": 0.14292630338334628, "mask_rcnn/false_positive": 0.31030907398677643, "rank_data_time": 0.0015867085000138559, "roi_head/num_bg_samples": 24.0, "roi_head/num_fg_samples": 8.0, "rpn/num_neg_anchors": 170.75, "rpn/num_pos_anchors": 85.25, "time": 8.491369687499997, "total_loss": 2.5831930115818977}
{"data_time": 0.0015309795000177928, "eta_seconds": 3574.967238259993, "fast_rcnn/cls_accuracy": 0.75, "fast_rcnn/false_negative": 1.0, "fast_rcnn/fg_cls_accuracy": 0.0, "iteration": 59, "loss_box_reg": 0.8333481252193451, "loss_cls": 0.6733253300189972, "loss_mask": 0.6550398766994476, "loss_rpn_cls": 0.12897516414523125, "loss_rpn_loc": 0.12189162895083427, "lr": 0.00011888199999999999, "mask_rcnn/accuracy": 0.7578523596938775, "mask_rcnn/false_negative": 0.0838042220611778, "mask_rcnn/false_positive": 0.3823200217105869, "rank_data_time": 0.0015309795000177928, "roi_head/num_bg_samples": 24.0, "roi_head/num_fg_samples": 8.0, "rpn/num_neg_anchors": 174.75, "rpn/num_pos_anchors": 81.25, "time": 8.443746562500024, "total_loss": 2.403863165527582}
{"data_time": 0.0017100630000470574, "eta_seconds": 3454.397310000006, "fast_rcnn/cls_accuracy": 0.75, "fast_rcnn/false_negative": 1.0, "fast_rcnn/fg_cls_accuracy": 0.0, "iteration": 79, "loss_box_reg": 0.8575024306774139, "loss_cls": 0.6041096448898315, "loss_mask": 0.614255279302597, "loss_rpn_cls": 0.10458053275942802, "loss_rpn_loc": 0.13908110558986664, "lr": 0.00015884200000000002, "mask_rcnn/accuracy": 0.7932876275510203, "mask_rcnn/false_negative": 0.06623797026675915, "mask_rcnn/false_positive": 0.36983955905440846, "rank_data_time": 0.0017100630000470574, "roi_head/num_bg_samples": 24.0, "roi_head/num_fg_samples": 8.0, "rpn/num_neg_anchors": 175.0, "rpn/num_pos_anchors": 81.0, "time": 8.666807854500064, "total_loss": 2.2442493457347155}
{"data_time": 0.0016588334999596555, "eta_seconds": 3289.902200000006, "fast_rcnn/cls_accuracy": 0.75, "fast_rcnn/false_negative": 1.0, "fast_rcnn/fg_cls_accuracy": 0.0, "iteration": 99, "loss_box_reg": 0.7617833316326141, "loss_cls": 0.5312917232513428, "loss_mask": 0.556782603263855, "loss_rpn_cls": 0.08189532905817032, "loss_rpn_loc": 0.14821119606494904, "lr": 0.000198802, "mask_rcnn/accuracy": 0.7849170918367347, "mask_rcnn/false_negative": 0.06509892576564907, "mask_rcnn/false_positive": 0.3886479293261637, "rank_data_time": 0.0016588334999596555, "roi_head/num_bg_samples": 24.0, "roi_head/num_fg_samples": 8.0, "rpn/num_neg_anchors": 166.25, "rpn/num_pos_anchors": 89.75, "time": 8.22673924999998, "total_loss": 2.0974988769739866}
{"data_time": 0.0014253534999966178, "eta_seconds": 3125.4070900000056, "fast_rcnn/cls_accuracy": 0.78125, "fast_rcnn/false_negative": 0.84375, "fast_rcnn/fg_cls_accuracy": 0.15625, "iteration": 119, "loss_box_reg": 0.827173113822937, "loss_cls": 0.43814918398857117, "loss_mask": 0.4948367476463318, "loss_rpn_cls": 0.06320426240563393, "loss_rpn_loc": 0.1219015121459961, "lr": 0.000238762, "mask_rcnn/accuracy": 0.8140545280612246, "mask_rcnn/false_negative": 0.052785984535910734, "mask_rcnn/false_positive": 0.3512007101842939, "rank_data_time": 0.0014253534999966178, "roi_head/num_bg_samples": 24.0, "roi_head/num_fg_samples": 8.0, "rpn/num_neg_anchors": 177.0, "rpn/num_pos_anchors": 79.0, "time": 8.226492896000025, "total_loss": 1.9539742581546307}
{"data_time": 0.001457687499964777, "eta_seconds": 2966.873130000006, "fast_rcnn/cls_accuracy": 0.8359375, "fast_rcnn/false_negative": 0.5625, "fast_rcnn/fg_cls_accuracy": 0.4375, "iteration": 139, "loss_box_reg": 0.7840433716773987, "loss_cls": 0.38661693036556244, "loss_mask": 0.417540043592453, "loss_rpn_cls": 0.060248007997870445, "loss_rpn_loc": 0.11274818703532219, "lr": 0.000278722, "mask_rcnn/accuracy": 0.8449457908163265, "mask_rcnn/false_negative": 0.06959778887463103, "mask_rcnn/false_positive": 0.2435563430493232, "rank_data_time": 0.001457687499964777, "roi_head/num_bg_samples": 24.0, "roi_head/num_fg_samples": 8.0, "rpn/num_neg_anchors": 176.5, "rpn/num_pos_anchors": 79.5, "time": 8.246046103999959, "total_loss": 1.7143630404025316}
{"data_time": 0.0016071874999852298, "eta_seconds": 2842.063364640011, "fast_rcnn/cls_accuracy": 0.859375, "fast_rcnn/false_negative": 0.34375, "fast_rcnn/fg_cls_accuracy": 0.65625, "iteration": 159, "loss_box_reg": 0.6794776320457458, "loss_cls": 0.30254027247428894, "loss_mask": 0.3450508415699005, "loss_rpn_cls": 0.04409060999751091, "loss_rpn_loc": 0.11935672163963318, "lr": 0.00031868200000000004, "mask_rcnn/accuracy": 0.8539540816326531, "mask_rcnn/false_negative": 0.11242087638911537, "mask_rcnn/false_positive": 0.16898871010023359, "rank_data_time": 0.0016071874999852298, "roi_head/num_bg_samples": 24.0, "roi_head/num_fg_samples": 8.0, "rpn/num_neg_anchors": 176.25, "rpn/num_pos_anchors": 79.75, "time": 8.632438395500117, "total_loss": 1.4654733818024397}
{"data_time": 0.0014661870000054478, "eta_seconds": 2680.2756067200016, "fast_rcnn/cls_accuracy": 0.875, "fast_rcnn/false_negative": 0.3125, "fast_rcnn/fg_cls_accuracy": 0.6875, "iteration": 179, "loss_box_reg": 0.6216749548912048, "loss_cls": 0.2983832508325577, "loss_mask": 0.2895624339580536, "loss_rpn_cls": 0.0456527303904295, "loss_rpn_loc": 0.11757306754589081, "lr": 0.00035864199999999995, "mask_rcnn/accuracy": 0.8765545280612245, "mask_rcnn/false_negative": 0.11006749974013726, "mask_rcnn/false_positive": 0.1306865273791239, "rank_data_time": 0.0014661870000054478, "roi_head/num_bg_samples": 24.0, "roi_head/num_fg_samples": 8.0, "rpn/num_neg_anchors": 172.0, "rpn/num_pos_anchors": 84.0, "time": 8.630979937500115, "total_loss": 1.370943695306778}
{"data_time": 0.0014988334999088693, "eta_seconds": 2491.54131869999, "fast_rcnn/cls_accuracy": 0.8828125, "fast_rcnn/false_negative": 0.3125, "fast_rcnn/fg_cls_accuracy": 0.6875, "iteration": 199, "loss_box_reg": 0.5347331762313843, "loss_cls": 0.29659421741962433, "loss_mask": 0.2866067588329315, "loss_rpn_cls": 0.04538912512362003, "loss_rpn_loc": 0.10281965509057045, "lr": 0.000398602, "mask_rcnn/accuracy": 0.8804209183673469, "mask_rcnn/false_negative": 0.10656567795022771, "mask_rcnn/false_positive": 0.13392120317936623, "rank_data_time": 0.0014988334999088693, "roi_head/num_bg_samples": 24.0, "roi_head/num_fg_samples": 8.0, "rpn/num_neg_anchors": 176.5, "rpn/num_pos_anchors": 79.5, "time": 7.385812624999971, "total_loss": 1.2202704017981887}
{"data_time": 0.0014524170001095627, "eta_seconds": 2280.8742191199995, "fast_rcnn/cls_accuracy": 0.875, "fast_rcnn/false_negative": 0.28125, "fast_rcnn/fg_cls_accuracy": 0.71875, "iteration": 219, "loss_box_reg": 0.48311278223991394, "loss_cls": 0.2535099387168884, "loss_mask": 0.25345467031002045, "loss_rpn_cls": 0.03028785716742277, "loss_rpn_loc": 0.09806747734546661, "lr": 0.00043856200000000003,