{"data_time": 0.0016513749999944594, "eta_seconds": 4102.898100000004, "fast_rcnn/cls_accuracy": 0.21875, "fast_rcnn/false_negative": 0.21875, "fast_rcnn/fg_cls_accuracy": 0.25, "iteration": 19, "loss_box_reg": 0.7295183539390564, "loss_cls": 1.1840785145759583, "loss_mask": 0.6931187808513641, "loss_rpn_cls": 0.5993999540805817, "loss_rpn_loc": 0.14625974744558334, "lr": 3.8962e-05, "mask_rcnn/accuracy": 0.4711415816326531, "mask_rcnn/false_negative": 0.16283774690556008, "mask_rcnn/false_positive": 0.6491031642014604, "rank_data_time": 0.0016513749999944594, "roi_head/num_bg_samples": 24.0, "roi_head/num_fg_samples": 8.0, "rpn/num_neg_anchors": 174.25, "rpn/num_pos_anchors": 81.75, "time": 8.54770437500001, "total_loss": 3.431705217808485}
{"data_time": 0.0015780415000108405, "eta_seconds": 3724.5205535200025, "fast_rcnn/cls_accuracy": 0.75, "fast_rcnn/false_negative": 1.0, "fast_rcnn/fg_cls_accuracy": 0.0, "iteration": 39, "loss_box_reg": 0.690830796957016, "loss_cls": 0.8669908940792084, "loss_mask": 0.681095540523529, "loss_rpn_cls": 0.21105938404798508, "loss_rpn_loc": 0.16119243204593658, "lr": 7.8922e-05, "mask_rcnn/accuracy": 0.7615991709183674, "mask_rcnn/false_negative": 0.05128802933120137, "mask_rcnn/false_positive": 0.4456769328139302, "rank_data_time": 0.0015780415000108405, "roi_head/num_bg_samples": 24.0, "roi_head/num_fg_samples": 8.0, "rpn/num_neg_anchors": 170.75, "rpn/num_pos_anchors": 85.25, "time": 7.667468250000013, "total_loss": 2.6734319739043713}
{"data_time": 0.0015177294999944024, "eta_seconds": 3578.8288247800056, "fast_rcnn/cls_accuracy": 0.75, "fast_rcnn/false_negative": 1.0, "fast_rcnn/fg_cls_accuracy": 0.0, "iteration": 59, "loss_box_reg": 0.7375509738922119, "loss_cls": 0.6751546561717987, "loss_mask": 0.6533993780612946, "loss_rpn_cls": 0.1403176710009575, "loss_rpn_loc": 0.14641617983579636, "lr": 0.00011888199999999999, "mask_rcnn/accuracy": 0.7599250637755102, "mask_rcnn/false_negative": 0.06549783455043329, "mask_rcnn/false_positive": 0.4277949690395219, "rank_data_time": 0.0015177294999944024, "roi_head/num_bg_samples": 24.0, "roi_head/num_fg_samples": 8.0, "rpn/num_neg_anchors": 171.0, "rpn/num_pos_anchors": 85.0, "time": 8.143247666500002, "total_loss": 2.375877421349287}
{"data_time": 0.0014433544999974401, "eta_seconds": 3432.9225525, "fast_rcnn/cls_accuracy": 0.75, "fast_rcnn/false_negative": 1.0, "fast_rcnn/fg_cls_accuracy": 0.0, "iteration": 79, "loss_box_reg": 0.8198337554931641, "loss_cls": 0.6022897660732269, "loss_mask": 0.6184191107749939, "loss_rpn_cls": 0.10851176828145981, "loss_rpn_loc": 0.1380699872970581, "lr": 0.00015884200000000002, "mask_rcnn/accuracy": 0.7641900510204082, "mask_rcnn/false_negative": 0.04574847169871084, "mask_rcnn/false_positive": 0.43244450619571373, "rank_data_time": 0.0014433544999974401, "roi_head/num_bg_samples": 24.0, "roi_head/num_fg_samples": 8.0, "rpn/num_neg_anchors": 166.25, "rpn/num_pos_anchors": 89.75, "time": 8.484870854000064, "total_loss": 2.2593015544116497}
{"data_time": 0.0014576459999489089, "eta_seconds": 3269.4500500000004, "fast_rcnn/cls_accuracy": 0.75, "fast_rcnn/false_negative": 1.0, "fast_rcnn/fg_cls_accuracy": 0.0, "iteration": 99, "loss_box_reg": 0.8179252445697784, "loss_cls": 0.5277010500431061, "loss_mask": 0.5584074854850769, "loss_rpn_cls": 0.0815625786781311, "loss_rpn_loc": 0.11789530888199806, "lr": 0.000198802, "mask_rcnn/accuracy": 0.7783402423469388, "mask_rcnn/false_negative": 0.060096350310398894, "mask_rcnn/false_positive": 0.4000179079027138, "rank_data_time": 0.0014576459999489089, "roi_head/num_bg_samples": 24.0, "roi_head/num_fg_samples": 8.0, "rpn/num_neg_anchors": 173.25, "rpn/num_pos_anchors": 82.75, "time": 8.126915708500007, "total_loss": 2.1341553032398224}
{"data_time": 0.0014835000000630316, "eta_seconds": 3105.9775475000006, "fast_rcnn/cls_accuracy": 0.78125, "fast_rcnn/false_negative": 0.8125, "fast_rcnn/fg_cls_accuracy": 0.1875, "iteration": 119, "loss_box_reg": 0.8187617063522339, "loss_cls": 0.4311239570379257, "loss_mask": 0.48786938190460205, "loss_rpn_cls": 0.07012517005205154, "loss_rpn_loc": 0.12188592553138733, "lr": 0.000238762, "mask_rcnn/accuracy": 0.8125, "mask_rcnn/false_negative": 0.07260958378744137, "mask_rcnn/false_positive": 0.32529138354701304, "rank_data_time": 0.0014835000000630316, "roi_head/num_bg_samples": 24.0, "roi_head/num_fg_samples": 8.0, "rpn/num_neg_anchors": 171.5, "rpn/num_pos_anchors": 84.5, "time": 8.158727750000025, "total_loss": 1.8997457548975945}
{"data_time": 0.001428333000035309, "eta_seconds": 2930.5525798800077, "fast_rcnn/cls_accuracy": 0.8515625, "fast_rcnn/false_negative": 0.46875, "fast_rcnn/fg_cls_accuracy": 0.53125, "iteration": 139, "loss_box_reg": 0.7965025901794434, "loss_cls": 0.3261784464120865, "loss_mask": 0.4135802239179611, "loss_rpn_cls": 0.05224052630364895, "loss_rpn_loc": 0.1175830140709877, "lr": 0.000278722, "mask_rcnn/accuracy": 0.8359375, "mask_rcnn/false_negative": 0.061692107978331745, "mask_rcnn/false_positive": 0.24482133873261294, "rank_data_time": 0.001428333000035309, "roi_head/num_bg_samples": 24.0, "roi_head/num_fg_samples": 8.0, "rpn/num_neg_anchors": 170.75, "rpn/num_pos_anchors": 85.25, "time": 7.966167000000041, "total_loss": 1.7132785134017467}
{"data_time": 0.001370395999970242, "eta_seconds": 2742.8707091099914, "fast_rcnn/cls_accuracy": 0.859375, "fast_rcnn/false_negative": 0.375, "fast_rcnn/fg_cls_accuracy": 0.625, "iteration": 159, "loss_box_reg": 0.6875903904438019, "loss_cls": 0.3098960667848587, "loss_mask": 0.3584873229265213, "loss_rpn_cls": 0.059140097349882126, "loss_rpn_loc": 0.12249114364385605, "lr": 0.00031868200000000004, "mask_rcnn/accuracy": 0.8661112882653061, "mask_rcnn/false_negative": 0.08560552282459608, "mask_rcnn/false_positive": 0.18693826076764003, "rank_data_time": 0.001370395999970242, "roi_head/num_bg_samples": 24.0, "roi_head/num_fg_samples": 8.0, "rpn/num_neg_anchors": 163.25, "rpn/num_pos_anchors": 92.75, "time": 7.650783041500063, "total_loss": 1.5520314574241638}
{"data_time": 0.0014767080000410715, "eta_seconds": 2550.14713999999, "fast_rcnn/cls_accuracy": 0.890625, "fast_rcnn/false_negative": 0.3125, "fast_rcnn/fg_cls_accuracy": 0.6875, "iteration": 179, "loss_box_reg": 0.6548921763896942, "loss_cls": 0.2777109742164612, "loss_mask": 0.3065238445997238, "loss_rpn_cls": 0.04234433360397816, "loss_rpn_loc": 0.11304683983325958, "lr": 0.00035864199999999995, "mask_rcnn/accuracy": 0.8713727678571428, "mask_rcnn/false_negative": 0.11670422524335246, "mask_rcnn/false_positive": 0.13398963620059262, "rank_data_time": 0.0014767080000410715, "roi_head/num_bg_samples": 24.0, "roi_head/num_fg_samples": 8.0, "rpn/num_neg_anchors": 174.5, "rpn/num_pos_anchors": 81.5, "time": 7.290687708500059, "total_loss": 1.3950710333883762}
{"data_time": 0.001435708500025612, "eta_seconds": 2381.166156300009, "fast_rcnn/cls_accuracy": 0.8984375, "fast_rcnn/false_negative": 0.25, "fast_rcnn/fg_cls_accuracy": 0.75, "iteration": 199, "loss_box_reg": 0.5832366645336151, "loss_cls": 0.2709387093782425, "loss_mask": 0.2940477579832077, "loss_rpn_cls": 0.03653162345290184, "loss_rpn_loc": 0.10291203111410141, "lr": 0.000398602, "mask_rcnn/accuracy": 0.8708545918367346, "mask_rcnn/false_negative": 0.10762246715994234, "mask_rcnn/false_positive": 0.134429062374913, "rank_data_time": 0.001435708500025612, "roi_head/num_bg_samples": 24.0, "roi_head/num_fg_samples": 8.0, "rpn/num_neg_anchors": 170.75, "rpn/num_pos_anchors": 85.25, "time": 7.527518020999878, "total_loss": 1.235171252861619}
{"data_time": 0.0014975419999245787, "eta_seconds": 2221.0987632400293, "fast_rcnn/cls_accuracy": 0.8984375, "fast_rcnn/false_negative": 0.28125, "fast_rcnn/fg_cls_accuracy": 0.71875, "iteration": 219, "loss_box_reg": 0.5101750493049622, "loss_cls": 0.24791545420885086, "loss_mask": 0.27306999266147614, "loss_rpn_cls": 0.0326419360935688, "loss_rpn_loc": 0.09076722711324692, "lr": 0.00043856200000000003, "mask_rcnn/accuracy": 0.8854432397959184,